{"cameraMode":{"drawMode":0,"name":"Shaded","section":"Shading Mode"},"sceneLighting":false,"audioPlay":false,"sceneViewState":{"showFog":true,"showMaterialUpdate":true,"showSkybox":false,"showFlares":true,"showImageEffects":true,"showParticleSystems":true},"in2DMode":false,"pivot":{"x":1.3514087200164796,"y":0.5790756344795227,"z":-1.500685453414917},"rotation":{"x":0.10499678552150727,"y":0.04408352077007294,"z":-0.005422350484877825,"w":0.9936668276786804},"size":2.8578836917877199,"orthographic":false}