{"cameraMode":{"drawMode":0,"name":"Shaded","section":"Shading Mode"},"sceneLighting":false,"audioPlay":false,"sceneViewState":{"showFog":true,"showMaterialUpdate":true,"showSkybox":false,"showFlares":true,"showImageEffects":true,"showParticleSystems":true},"in2DMode":false,"pivot":{"x":-0.378174364566803,"y":1.2829264402389527,"z":0.15938329696655274},"rotation":{"x":-0.18655289709568025,"y":0.041519224643707278,"z":-0.007941929623484612,"w":-0.981612503528595},"size":4.5325117111206059,"orthographic":false}