{"cameraMode":{"drawMode":0,"name":"Shaded","section":"Shading Mode"},"sceneLighting":false,"audioPlay":false,"sceneViewState":{"showFog":true,"showMaterialUpdate":true,"showSkybox":true,"showFlares":true,"showImageEffects":true,"showParticleSystems":true},"in2DMode":false,"pivot":{"x":-159.01126098632813,"y":-150.88076782226563,"z":337.1617126464844},"rotation":{"x":-0.19811393320560456,"y":0.211820587515831,"z":-0.04403736814856529,"w":-0.9562976956367493},"size":424.488525390625,"orthographic":false}