{"cameraMode":{"drawMode":0,"name":"Shaded","section":"Shading Mode"},"sceneLighting":false,"audioPlay":false,"sceneViewState":{"showFog":true,"showMaterialUpdate":true,"showSkybox":false,"showFlares":true,"showImageEffects":true,"showParticleSystems":true},"in2DMode":false,"pivot":{"x":15.124137878417969,"y":2.7657904624938967,"z":-5.117691516876221},"rotation":{"x":-0.09479675441980362,"y":-0.7369263768196106,"z":0.10618258267641068,"w":-0.6610067486763},"size":13.469499588012696,"orthographic":false}