{"cameraMode":{"drawMode":0,"name":"Shaded","section":"Shading Mode"},"sceneLighting":false,"audioPlay":false,"sceneViewState":{"showFog":true,"showMaterialUpdate":true,"showSkybox":false,"showFlares":true,"showImageEffects":true,"showParticleSystems":true},"in2DMode":false,"pivot":{"x":6.250056266784668,"y":2.522491693496704,"z":-7.7451276779174809},"rotation":{"x":-0.09479675441980362,"y":-0.7369263768196106,"z":0.10618258267641068,"w":-0.6610067486763},"size":19.038957595825197,"orthographic":false}