{"cameraMode":{"drawMode":0,"name":"Shaded","section":"Shading Mode"},"sceneLighting":false,"audioPlay":false,"sceneViewState":{"showFog":true,"showMaterialUpdate":true,"showSkybox":false,"showFlares":true,"showImageEffects":true,"showParticleSystems":true},"in2DMode":false,"pivot":{"x":-59.308937072753909,"y":2.3013498783111574,"z":-136.3358154296875},"rotation":{"x":-0.09479675441980362,"y":-0.7369263768196106,"z":0.10618258267641068,"w":-0.6610067486763},"size":70.6519546508789,"orthographic":false}