{"cameraMode":{"drawMode":0,"name":"Shaded","section":"Shading Mode"},"sceneLighting":false,"audioPlay":false,"sceneViewState":{"showFog":true,"showMaterialUpdate":true,"showSkybox":true,"showFlares":true,"showImageEffects":true,"showParticleSystems":true},"in2DMode":false,"pivot":{"x":-9.528007507324219,"y":-10.522978782653809,"z":-34.54927062988281},"rotation":{"x":0.054287139326334,"y":0.005368734244257212,"z":-0.001037564012221992,"w":0.9986914396286011},"size":18.351913452148439,"orthographic":false}