{"cameraMode":{"drawMode":0,"name":"Shaded","section":"Shading Mode"},"sceneLighting":false,"audioPlay":false,"sceneViewState":{"showFog":true,"showMaterialUpdate":true,"showSkybox":false,"showFlares":true,"showImageEffects":true,"showParticleSystems":true},"in2DMode":false,"pivot":{"x":-71.07289123535156,"y":4.263254642486572,"z":-13.015405654907227},"rotation":{"x":0.10199767351150513,"y":0.6471505761146545,"z":-0.08830923587083817,"w":0.7505239248275757},"size":7.858219623565674,"orthographic":false}