{"cameraMode":{"drawMode":0,"name":"Shaded","section":"Shading Mode"},"sceneLighting":false,"audioPlay":false,"sceneViewState":{"showFog":true,"showMaterialUpdate":true,"showSkybox":true,"showFlares":true,"showImageEffects":true,"showParticleSystems":true},"in2DMode":false,"pivot":{"x":-27.480743408203126,"y":-16.47366714477539,"z":-23.26487922668457},"rotation":{"x":0.2236255705356598,"y":-0.3895440697669983,"z":0.09728575497865677,"w":0.8883370161056519},"size":89.79737091064453,"orthographic":false}