{"cameraMode":{"drawMode":0,"name":"Shaded","section":"Shading Mode"},"sceneLighting":false,"audioPlay":false,"sceneViewState":{"showFog":true,"showMaterialUpdate":true,"showSkybox":false,"showFlares":true,"showImageEffects":true,"showParticleSystems":true},"in2DMode":false,"pivot":{"x":-49.978179931640628,"y":2.1646549701690676,"z":-10.381734848022461},"rotation":{"x":-0.08563399314880371,"y":-0.5576984882354736,"z":0.058370620012283328,"w":-0.8237003087997437},"size":1.3548078536987305,"orthographic":false}