{"cameraMode":{"drawMode":0,"name":"Shaded","section":"Shading Mode"},"sceneLighting":false,"audioPlay":false,"sceneViewState":{"showFog":true,"showMaterialUpdate":true,"showSkybox":true,"showFlares":true,"showImageEffects":true,"showParticleSystems":true},"in2DMode":false,"pivot":{"x":37.19456100463867,"y":133.954345703125,"z":358.5804138183594},"rotation":{"x":-0.15341717004776,"y":0.048960037529468539,"z":0.00799105316400528,"w":0.987212598323822},"size":424.488525390625,"orthographic":false}