{"cameraMode":{"drawMode":0,"name":"Shaded","section":"Shading Mode"},"sceneLighting":false,"audioPlay":false,"sceneViewState":{"showFog":true,"showMaterialUpdate":true,"showSkybox":false,"showFlares":true,"showImageEffects":true,"showParticleSystems":true},"in2DMode":false,"pivot":{"x":-80.44610595703125,"y":4.915625095367432,"z":-6.2021613121032719},"rotation":{"x":-0.0669170692563057,"y":-0.7227447032928467,"z":0.07113788276910782,"w":-0.6843622326850891},"size":27.871524810791017,"orthographic":false}