{"cameraMode":{"drawMode":0,"name":"Shaded","section":"Shading Mode"},"sceneLighting":false,"audioPlay":false,"sceneViewState":{"showFog":true,"showMaterialUpdate":true,"showSkybox":false,"showFlares":true,"showImageEffects":true,"showParticleSystems":true},"in2DMode":false,"pivot":{"x":-47.24022674560547,"y":-0.582859218120575,"z":-9.975358963012696},"rotation":{"x":0.010672150179743767,"y":-0.9891951084136963,"z":0.11955837905406952,"w":0.08564580976963043},"size":9.722328186035157,"orthographic":false}