{"cameraMode":{"drawMode":0,"name":"Shaded","section":"Shading Mode"},"sceneLighting":false,"audioPlay":false,"sceneViewState":{"showFog":true,"showMaterialUpdate":true,"showSkybox":true,"showFlares":true,"showImageEffects":true,"showParticleSystems":true},"in2DMode":false,"pivot":{"x":-8.029943466186524,"y":-0.3177649974822998,"z":-89.24767303466797},"rotation":{"x":-0.23364762961864472,"y":-0.002654703799635172,"z":0.0005891477921977639,"w":-0.9723955392837524},"size":5.5330963134765629,"orthographic":false}