{"cameraMode":{"drawMode":0,"name":"Shaded","section":"Shading Mode"},"sceneLighting":false,"audioPlay":false,"sceneViewState":{"showFog":true,"showMaterialUpdate":true,"showSkybox":true,"showFlares":true,"showImageEffects":true,"showParticleSystems":true},"in2DMode":false,"pivot":{"x":-12.919770240783692,"y":-15.405982971191407,"z":-34.842872619628909},"rotation":{"x":0.11980230361223221,"y":-0.06912809610366821,"z":0.007600512821227312,"w":0.9905427694320679},"size":38.4710693359375,"orthographic":false}