{"cameraMode":{"drawMode":0,"name":"Shaded","section":"Shading Mode"},"sceneLighting":false,"audioPlay":false,"sceneViewState":{"showFog":true,"showMaterialUpdate":true,"showSkybox":false,"showFlares":true,"showImageEffects":true,"showParticleSystems":true},"in2DMode":false,"pivot":{"x":-0.14067886769771577,"y":0.025387823581695558,"z":0.29287189245224},"rotation":{"x":-0.0011832491727545858,"y":-0.9973708391189575,"z":0.0212791059166193,"w":-0.07103584706783295},"size":0.5285837650299072,"orthographic":false}