{"cameraMode":{"drawMode":0,"name":"Shaded","section":"Shading Mode"},"sceneLighting":false,"audioPlay":false,"sceneViewState":{"showFog":true,"showMaterialUpdate":true,"showSkybox":false,"showFlares":true,"showImageEffects":true,"showParticleSystems":true},"in2DMode":false,"pivot":{"x":-59.448394775390628,"y":0.6566713452339172,"z":-16.11794090270996},"rotation":{"x":-0.0669170692563057,"y":-0.7227447032928467,"z":0.07113788276910782,"w":-0.6843622326850891},"size":16.10287857055664,"orthographic":false}