{"cameraMode":{"drawMode":0,"name":"Shaded","section":"Shading Mode"},"sceneLighting":false,"audioPlay":false,"sceneViewState":{"showFog":true,"showMaterialUpdate":true,"showSkybox":true,"showFlares":true,"showImageEffects":true,"showParticleSystems":true},"in2DMode":false,"pivot":{"x":-9.332999229431153,"y":-4.542798042297363,"z":-53.456932067871097},"rotation":{"x":0.06893841177225113,"y":-0.23076386749744416,"z":0.015958229079842569,"w":0.9705949425697327},"size":2.9681131839752199,"orthographic":false}