{"cameraMode":{"drawMode":0,"name":"Shaded","section":"Shading Mode"},"sceneLighting":false,"audioPlay":false,"sceneViewState":{"showFog":true,"showMaterialUpdate":true,"showSkybox":false,"showFlares":true,"showImageEffects":true,"showParticleSystems":true},"in2DMode":false,"pivot":{"x":-0.15096503496170045,"y":0.05613280460238457,"z":0.9133209586143494},"rotation":{"x":-0.0011832491727545858,"y":-0.9973708391189575,"z":0.0212791059166193,"w":-0.07103584706783295},"size":0.37567266821861269,"orthographic":false}