{"cameraMode":{"drawMode":0,"name":"Shaded","section":"Shading Mode"},"sceneLighting":false,"audioPlay":false,"sceneViewState":{"showFog":true,"showMaterialUpdate":true,"showSkybox":false,"showFlares":true,"showImageEffects":true,"showParticleSystems":true},"in2DMode":false,"pivot":{"x":-36.179832458496097,"y":-0.20517177879810334,"z":-9.665468215942383},"rotation":{"x":0.010672150179743767,"y":-0.9891951084136963,"z":0.11955837905406952,"w":0.08564580976963043},"size":12.370854377746582,"orthographic":false}