{"cameraMode":{"drawMode":0,"name":"Shaded","section":"Shading Mode"},"sceneLighting":false,"audioPlay":false,"sceneViewState":{"showFog":true,"showMaterialUpdate":true,"showSkybox":false,"showFlares":true,"showImageEffects":true,"showParticleSystems":true},"in2DMode":false,"pivot":{"x":62.98675537109375,"y":-94.10911560058594,"z":125.27919006347656},"rotation":{"x":-0.27844128012657168,"y":-0.2691463232040405,"z":0.08158629387617111,"w":-0.9186115264892578},"size":181.47264099121095,"orthographic":false}