{"cameraMode":{"drawMode":0,"name":"Shaded","section":"Shading Mode"},"sceneLighting":false,"audioPlay":false,"sceneViewState":{"showFog":true,"showMaterialUpdate":true,"showSkybox":true,"showFlares":true,"showImageEffects":true,"showParticleSystems":true},"in2DMode":false,"pivot":{"x":-0.05196017026901245,"y":2.0194432735443117,"z":128.8000030517578},"rotation":{"x":0.10458279401063919,"y":-0.484650194644928,"z":0.05895724520087242,"w":0.8667727112770081},"size":2.8578836917877199,"orthographic":false}