{"cameraMode":{"drawMode":0,"name":"Shaded","section":"Shading Mode"},"sceneLighting":false,"audioPlay":false,"sceneViewState":{"showFog":true,"showMaterialUpdate":true,"showSkybox":true,"showFlares":true,"showImageEffects":true,"showParticleSystems":true},"in2DMode":false,"pivot":{"x":-81.64251708984375,"y":76.80313873291016,"z":-203.92623901367188},"rotation":{"x":-0.00682988902553916,"y":-0.9665651321411133,"z":0.25538408756256106,"w":-0.026736263185739518},"size":12.091119766235352,"orthographic":false}