{"cameraMode":{"drawMode":0,"name":"Shaded","section":"Shading Mode"},"sceneLighting":false,"audioPlay":false,"sceneViewState":{"showFog":true,"showMaterialUpdate":true,"showSkybox":true,"showFlares":true,"showImageEffects":true,"showParticleSystems":true},"in2DMode":false,"pivot":{"x":-13.921380996704102,"y":18.390499114990236,"z":-121.06986999511719},"rotation":{"x":-0.1566264033317566,"y":0.16230513155460359,"z":-0.02535928040742874,"w":-0.9740853905677795},"size":37.28875732421875,"orthographic":false}