{"cameraMode":{"drawMode":0,"name":"Shaded","section":"Shading Mode"},"sceneLighting":false,"audioPlay":false,"sceneViewState":{"showFog":true,"showMaterialUpdate":true,"showSkybox":false,"showFlares":true,"showImageEffects":true,"showParticleSystems":true},"in2DMode":false,"pivot":{"x":-36.09679412841797,"y":-1.1743260622024537,"z":-3.1961965560913088},"rotation":{"x":-0.0010505295358598233,"y":-0.9987519979476929,"z":-0.03717423602938652,"w":0.03688685968518257},"size":3.5096230506896974,"orthographic":false}