{"cameraMode":{"drawMode":0,"name":"Shaded","section":"Shading Mode"},"sceneLighting":false,"audioPlay":false,"sceneViewState":{"showFog":true,"showMaterialUpdate":true,"showSkybox":true,"showFlares":true,"showImageEffects":true,"showParticleSystems":true},"in2DMode":false,"pivot":{"x":-7.7750749588012699,"y":-32.247398376464847,"z":69.9889907836914},"rotation":{"x":0.09915871918201447,"y":-0.000917462632060051,"z":-0.00020643288735300303,"w":0.9952147603034973},"size":194.53858947753907,"orthographic":false}