{"cameraMode":{"drawMode":0,"name":"Shaded","section":"Shading Mode"},"sceneLighting":false,"audioPlay":false,"sceneViewState":{"showFog":true,"showMaterialUpdate":true,"showSkybox":false,"showFlares":true,"showImageEffects":true,"showParticleSystems":true},"in2DMode":false,"pivot":{"x":0.10550796985626221,"y":2.5983035564422609,"z":-5.878198623657227},"rotation":{"x":-0.09479675441980362,"y":-0.7369263768196106,"z":0.10618258267641068,"w":-0.6610067486763},"size":13.237098693847657,"orthographic":false}