{"cameraMode":{"drawMode":0,"name":"Shaded","section":"Shading Mode"},"sceneLighting":false,"audioPlay":false,"sceneViewState":{"showFog":true,"showMaterialUpdate":true,"showSkybox":false,"showFlares":true,"showImageEffects":true,"showParticleSystems":true},"in2DMode":false,"pivot":{"x":80.39285278320313,"y":-366.70928955078127,"z":-1039.1607666015625},"rotation":{"x":0.005719087552279234,"y":0.9848105311393738,"z":-0.17190863192081452,"w":0.03423037379980087},"size":1155.8306884765625,"orthographic":false}