{"cameraMode":{"drawMode":0,"name":"Shaded","section":"Shading Mode"},"sceneLighting":false,"audioPlay":false,"sceneViewState":{"showFog":true,"showMaterialUpdate":true,"showSkybox":false,"showFlares":true,"showImageEffects":true,"showParticleSystems":true},"in2DMode":false,"pivot":{"x":-9.726649284362793,"y":-0.9805009365081787,"z":-34.33566665649414},"rotation":{"x":0.12753388285636903,"y":-0.40447860956192019,"z":0.05623393505811691,"w":0.9040651917457581},"size":4.251337051391602,"orthographic":false}