{"cameraMode":{"drawMode":0,"name":"Shaded","section":"Shading Mode"},"sceneLighting":false,"audioPlay":false,"sceneViewState":{"showFog":true,"showMaterialUpdate":true,"showSkybox":false,"showFlares":true,"showImageEffects":true,"showParticleSystems":true},"in2DMode":false,"pivot":{"x":-106.04612731933594,"y":4.36537504196167,"z":-7.2657928466796879},"rotation":{"x":0.010672150179743767,"y":-0.9891951084136963,"z":0.11955837905406952,"w":0.08564580976963043},"size":31.37953758239746,"orthographic":false}