{"cameraMode":{"drawMode":0,"name":"Shaded","section":"Shading Mode"},"sceneLighting":false,"audioPlay":false,"sceneViewState":{"showFog":true,"showMaterialUpdate":true,"showSkybox":true,"showFlares":true,"showImageEffects":true,"showParticleSystems":true},"in2DMode":false,"pivot":{"x":8.142539978027344,"y":48.61460494995117,"z":125.00968170166016},"rotation":{"x":0.2236255705356598,"y":-0.3895440697669983,"z":0.09728575497865677,"w":0.8883370161056519},"size":37.28875732421875,"orthographic":false}