{"cameraMode":{"drawMode":0,"name":"Shaded","section":"Shading Mode"},"sceneLighting":false,"audioPlay":false,"sceneViewState":{"showFog":true,"showMaterialUpdate":true,"showSkybox":false,"showFlares":true,"showImageEffects":true,"showParticleSystems":true},"in2DMode":false,"pivot":{"x":56.340599060058597,"y":8.986089706420899,"z":-26.141674041748048},"rotation":{"x":-0.2043796330690384,"y":-0.004067617002874613,"z":0.0010783614125102759,"w":-0.9789996147155762},"size":8.855103492736817,"orthographic":false}