{"cameraMode":{"drawMode":0,"name":"Shaded","section":"Shading Mode"},"sceneLighting":false,"audioPlay":false,"sceneViewState":{"showFog":true,"showMaterialUpdate":true,"showSkybox":false,"showFlares":true,"showImageEffects":true,"showParticleSystems":true},"in2DMode":false,"pivot":{"x":24.122318267822267,"y":2.1896023750305177,"z":-5.416520118713379},"rotation":{"x":-0.09479675441980362,"y":-0.7369263768196106,"z":0.10618258267641068,"w":-0.6610067486763},"size":10.072704315185547,"orthographic":false}