{"cameraMode":{"drawMode":0,"name":"Shaded","section":"Shading Mode"},"sceneLighting":false,"audioPlay":false,"sceneViewState":{"showFog":true,"showMaterialUpdate":true,"showSkybox":true,"showFlares":true,"showImageEffects":true,"showParticleSystems":true},"in2DMode":false,"pivot":{"x":39.90993881225586,"y":-98.45014953613281,"z":365.5570983886719},"rotation":{"x":0.12141969799995423,"y":0.04779205843806267,"z":-0.005527646280825138,"w":0.9917327761650086},"size":424.488525390625,"orthographic":false}