{"cameraMode":{"drawMode":0,"name":"Shaded","section":"Shading Mode"},"sceneLighting":false,"audioPlay":false,"sceneViewState":{"showFog":true,"showMaterialUpdate":true,"showSkybox":true,"showFlares":true,"showImageEffects":true,"showParticleSystems":true},"in2DMode":false,"pivot":{"x":-9.436820030212403,"y":-8.977729797363282,"z":-76.8125},"rotation":{"x":0.19261597096920014,"y":0.00957692414522171,"z":-0.0027057097759097816,"w":0.9814113974571228},"size":38.4710693359375,"orthographic":false}