{"cameraMode":{"drawMode":0,"name":"Shaded","section":"Shading Mode"},"sceneLighting":false,"audioPlay":false,"sceneViewState":{"showFog":true,"showMaterialUpdate":true,"showSkybox":false,"showFlares":true,"showImageEffects":true,"showParticleSystems":true},"in2DMode":false,"pivot":{"x":1.8958439826965333,"y":1.8460891246795655,"z":29.497276306152345},"rotation":{"x":-0.0011832491727545858,"y":-0.9973708391189575,"z":0.0212791059166193,"w":-0.07103584706783295},"size":8.751538276672364,"orthographic":false}