{"cameraMode":{"drawMode":0,"name":"Shaded","section":"Shading Mode"},"sceneLighting":false,"audioPlay":false,"sceneViewState":{"showFog":true,"showMaterialUpdate":true,"showSkybox":true,"showFlares":true,"showImageEffects":true,"showParticleSystems":true},"in2DMode":false,"pivot":{"x":-6.474409103393555,"y":-8.824456214904786,"z":-34.397239685058597},"rotation":{"x":0.054287139326334,"y":0.005368734244257212,"z":-0.001037564012221992,"w":0.9986914396286011},"size":5.636270999908447,"orthographic":false}