{"cameraMode":{"drawMode":0,"name":"Shaded","section":"Shading Mode"},"sceneLighting":false,"audioPlay":false,"sceneViewState":{"showFog":true,"showMaterialUpdate":true,"showSkybox":false,"showFlares":true,"showImageEffects":true,"showParticleSystems":true},"in2DMode":false,"pivot":{"x":-32.71596908569336,"y":-0.9551122188568115,"z":-3.644526481628418},"rotation":{"x":-0.0669170692563057,"y":-0.7227447032928467,"z":0.07113788276910782,"w":-0.6843622326850891},"size":1.9814532995224,"orthographic":false}