{"cameraMode":{"drawMode":0,"name":"Shaded","section":"Shading Mode"},"sceneLighting":false,"audioPlay":false,"sceneViewState":{"showFog":true,"showMaterialUpdate":true,"showSkybox":true,"showFlares":true,"showImageEffects":true,"showParticleSystems":true},"in2DMode":false,"pivot":{"x":27.095991134643556,"y":-19.933002471923829,"z":-173.8195343017578},"rotation":{"x":0.22635017335414887,"y":0.44122862815856936,"z":0.1172187402844429,"w":-0.8606668710708618},"size":14.628680229187012,"orthographic":false}