{"cameraMode":{"drawMode":0,"name":"Shaded","section":"Shading Mode"},"sceneLighting":false,"audioPlay":false,"sceneViewState":{"showFog":true,"showMaterialUpdate":true,"showSkybox":false,"showFlares":true,"showImageEffects":true,"showParticleSystems":true},"in2DMode":false,"pivot":{"x":-34.54967498779297,"y":-0.5440683960914612,"z":-4.249868869781494},"rotation":{"x":-0.001614459091797471,"y":-0.9934250116348267,"z":0.016734817996621133,"w":-0.11434873193502426},"size":2.7080860137939455,"orthographic":false}