{"cameraMode":{"drawMode":0,"name":"Shaded","section":"Shading Mode"},"sceneLighting":false,"audioPlay":false,"sceneViewState":{"showFog":true,"showMaterialUpdate":true,"showSkybox":true,"showFlares":true,"showImageEffects":true,"showParticleSystems":true},"in2DMode":false,"pivot":{"x":-39.50547790527344,"y":-17.566598892211915,"z":-31.884458541870118},"rotation":{"x":0.10084890574216843,"y":-0.5854227542877197,"z":0.07301512360572815,"w":0.801308810710907},"size":37.28875732421875,"orthographic":false}