{"cameraMode":{"drawMode":0,"name":"Shaded","section":"Shading Mode"},"sceneLighting":false,"audioPlay":false,"sceneViewState":{"showFog":true,"showMaterialUpdate":true,"showSkybox":true,"showFlares":true,"showImageEffects":true,"showParticleSystems":true},"in2DMode":false,"pivot":{"x":-0.5779587626457214,"y":1.390523910522461,"z":5.277972221374512},"rotation":{"x":0.18870383501052857,"y":-0.34609395265579226,"z":0.07057326287031174,"w":0.9165586233139038},"size":22.0,"orthographic":false}