{"cameraMode":{"drawMode":0,"name":"Shaded","section":"Shading Mode"},"sceneLighting":false,"audioPlay":false,"sceneViewState":{"showFog":true,"showMaterialUpdate":true,"showSkybox":true,"showFlares":true,"showImageEffects":true,"showParticleSystems":true},"in2DMode":false,"pivot":{"x":0.7469244003295898,"y":7.531811714172363,"z":-29.802345275878908},"rotation":{"x":-0.06709764152765274,"y":0.7771976590156555,"z":-0.08287137001752854,"w":-0.6204676032066345},"size":14.628680229187012,"orthographic":false}