{"cameraMode":{"drawMode":0,"name":"Shaded","section":"Shading Mode"},"sceneLighting":false,"audioPlay":false,"sceneViewState":{"showFog":true,"showMaterialUpdate":true,"showSkybox":true,"showFlares":true,"showImageEffects":true,"showParticleSystems":true},"in2DMode":false,"pivot":{"x":-0.05196017026901245,"y":2.0194432735443117,"z":5.659999847412109},"rotation":{"x":0.0014522797428071499,"y":-0.9969983100891113,"z":0.07824031263589859,"w":0.021662339568138124},"size":8.800524711608887,"orthographic":false}