{"cameraMode":{"drawMode":0,"name":"Shaded","section":"Shading Mode"},"sceneLighting":false,"audioPlay":false,"sceneViewState":{"showFog":true,"showMaterialUpdate":true,"showSkybox":false,"showFlares":true,"showImageEffects":true,"showParticleSystems":true},"in2DMode":false,"pivot":{"x":-46.41600036621094,"y":6.132646083831787,"z":-22.150318145751954},"rotation":{"x":-0.00011730948608601466,"y":-0.9995853304862976,"z":-0.014695880934596062,"w":0.029404861852526666},"size":28.139686584472658,"orthographic":false}