{"cameraMode":{"drawMode":0,"name":"Shaded","section":"Shading Mode"},"sceneLighting":false,"audioPlay":false,"sceneViewState":{"showFog":true,"showMaterialUpdate":true,"showSkybox":false,"showFlares":true,"showImageEffects":true,"showParticleSystems":true},"in2DMode":false,"pivot":{"x":0.5879101157188416,"y":0.7636298537254334,"z":2.9361767768859865},"rotation":{"x":0.0009175651939585805,"y":0.9985384345054627,"z":-0.017975622788071634,"w":0.050969600677490237},"size":5.5641326904296879,"orthographic":false}