{"cameraMode":{"drawMode":0,"name":"Shaded","section":"Shading Mode"},"sceneLighting":false,"audioPlay":false,"sceneViewState":{"showFog":true,"showMaterialUpdate":true,"showSkybox":true,"showFlares":true,"showImageEffects":true,"showParticleSystems":true},"in2DMode":false,"pivot":{"x":7.281703472137451,"y":11.333836555480957,"z":-4.493646144866943},"rotation":{"x":-0.1644926518201828,"y":0.035506751388311389,"z":-0.005869665183126926,"w":-0.9859619736671448},"size":2.1876115798950197,"orthographic":false}