{"cameraMode":{"drawMode":0,"name":"Shaded","section":"Shading Mode"},"sceneLighting":false,"audioPlay":false,"sceneViewState":{"showFog":true,"showMaterialUpdate":true,"showSkybox":false,"showFlares":true,"showImageEffects":true,"showParticleSystems":true},"in2DMode":false,"pivot":{"x":-34.05320358276367,"y":-1.6266534328460694,"z":-49.40740966796875},"rotation":{"x":-0.054570429027080539,"y":-0.8995940089225769,"z":0.11849004030227661,"w":-0.41708824038505556},"size":39.61955642700195,"orthographic":false}