{"cameraMode":{"drawMode":0,"name":"Shaded","section":"Shading Mode"},"sceneLighting":false,"audioPlay":false,"sceneViewState":{"showFog":true,"showMaterialUpdate":true,"showSkybox":true,"showFlares":true,"showImageEffects":true,"showParticleSystems":true},"in2DMode":false,"pivot":{"x":0.4003763198852539,"y":3.3614156246185304,"z":-2.5191636085510256},"rotation":{"x":0.04135420173406601,"y":-0.324851393699646,"z":0.014461170881986618,"w":0.9450672268867493},"size":8.800524711608887,"orthographic":false}