{"cameraMode":{"drawMode":0,"name":"Shaded","section":"Shading Mode"},"sceneLighting":false,"audioPlay":false,"sceneViewState":{"showFog":true,"showMaterialUpdate":true,"showSkybox":false,"showFlares":true,"showImageEffects":true,"showParticleSystems":true},"in2DMode":false,"pivot":{"x":-53.24346160888672,"y":0.14312505722045899,"z":-9.053010940551758},"rotation":{"x":0.010672150179743767,"y":-0.9891951084136963,"z":0.11955837905406952,"w":0.08564580976963043},"size":15.416654586791993,"orthographic":false}