{"cameraMode":{"drawMode":0,"name":"Shaded","section":"Shading Mode"},"sceneLighting":false,"audioPlay":false,"sceneViewState":{"showFog":true,"showMaterialUpdate":true,"showSkybox":false,"showFlares":true,"showImageEffects":true,"showParticleSystems":true},"in2DMode":false,"pivot":{"x":17.96331214904785,"y":-2.212071657180786,"z":-44.02440643310547},"rotation":{"x":0.3738902509212494,"y":0.13298292458057404,"z":-0.054315414279699329,"w":0.9166145324707031},"size":66.22041320800781,"orthographic":false}