{"cameraMode":{"drawMode":0,"name":"Shaded","section":"Shading Mode"},"sceneLighting":false,"audioPlay":false,"sceneViewState":{"showFog":true,"showMaterialUpdate":true,"showSkybox":true,"showFlares":true,"showImageEffects":true,"showParticleSystems":true},"in2DMode":false,"pivot":{"x":-9.800240516662598,"y":-6.306908130645752,"z":-86.14529418945313},"rotation":{"x":0.2236255705356598,"y":-0.3895440697669983,"z":0.09728575497865677,"w":0.8883370161056519},"size":9.176084518432618,"orthographic":false}