{"cameraMode":{"drawMode":0,"name":"Shaded","section":"Shading Mode"},"sceneLighting":false,"audioPlay":false,"sceneViewState":{"showFog":true,"showMaterialUpdate":true,"showSkybox":true,"showFlares":true,"showImageEffects":true,"showParticleSystems":true},"in2DMode":false,"pivot":{"x":71.28080749511719,"y":-43.43573760986328,"z":496.9642028808594},"rotation":{"x":-0.05709458515048027,"y":-0.08477369695901871,"z":0.004792334511876106,"w":-0.9950318932533264},"size":424.488525390625,"orthographic":false}