{"cameraMode":{"drawMode":0,"name":"Shaded","section":"Shading Mode"},"sceneLighting":false,"audioPlay":false,"sceneViewState":{"showFog":true,"showMaterialUpdate":true,"showSkybox":true,"showFlares":true,"showImageEffects":true,"showParticleSystems":true},"in2DMode":false,"pivot":{"x":-236.9078826904297,"y":-209.42678833007813,"z":242.12059020996095},"rotation":{"x":0.3207903802394867,"y":-0.528843879699707,"z":0.22471003234386445,"w":0.7533456087112427},"size":640.0422973632813,"orthographic":false}