{"cameraMode":{"drawMode":0,"name":"Shaded","section":"Shading Mode"},"sceneLighting":false,"audioPlay":false,"sceneViewState":{"showFog":true,"showMaterialUpdate":true,"showSkybox":true,"showFlares":true,"showImageEffects":true,"showParticleSystems":true},"in2DMode":false,"pivot":{"x":-15.421908378601075,"y":-16.534618377685548,"z":-48.625362396240237},"rotation":{"x":-0.3359876871109009,"y":0.37946200370788576,"z":-0.15011127293109895,"w":-0.8490017056465149},"size":22.0,"orthographic":false}