{"cameraMode":{"drawMode":0,"name":"Shaded","section":"Shading Mode"},"sceneLighting":false,"audioPlay":false,"sceneViewState":{"showFog":true,"showMaterialUpdate":true,"showSkybox":true,"showFlares":true,"showImageEffects":true,"showParticleSystems":true},"in2DMode":false,"pivot":{"x":0.14800097048282624,"y":6.275546073913574,"z":-42.16969680786133},"rotation":{"x":0.6188878417015076,"y":-0.009612999856472016,"z":-0.00719089712947607,"w":-0.7856935262680054},"size":2.1876115798950197,"orthographic":false}