{"cameraMode":{"drawMode":0,"name":"Shaded","section":"Shading Mode"},"sceneLighting":false,"audioPlay":false,"sceneViewState":{"showFog":true,"showMaterialUpdate":true,"showSkybox":false,"showFlares":true,"showImageEffects":true,"showParticleSystems":true},"in2DMode":false,"pivot":{"x":31.835025787353517,"y":-21.910625457763673,"z":-28.89755630493164},"rotation":{"x":-0.2130584418773651,"y":-0.5635296702384949,"z":0.153718963265419,"w":-0.7833698987960815},"size":58.194183349609378,"orthographic":false}