{"cameraMode":{"drawMode":0,"name":"Shaded","section":"Shading Mode"},"sceneLighting":false,"audioPlay":false,"sceneViewState":{"showFog":true,"showMaterialUpdate":true,"showSkybox":true,"showFlares":true,"showImageEffects":true,"showParticleSystems":true},"in2DMode":false,"pivot":{"x":-16.77095603942871,"y":-5.854457855224609,"z":-57.092994689941409},"rotation":{"x":0.07941366732120514,"y":-0.10067261755466461,"z":0.007240070961415768,"w":0.9919040203094482},"size":38.4710693359375,"orthographic":false}